Workbook

Sheet Total sipas bashkive
A1: Skemat Ujitëse në Pronësi të Bashkive sipas Qarqeve
A2: Qarku | B2: Bashkia | C2: Numri i Skemave Ujitëse | D2: Burime Ujore | E2: Kanale të Para dhe të Dyta në Km | F2: Funksional | G2: Pjesërisht Funksional | H2: Jo Funksional | I2: Pa info
A3: Berat | B3: Bashkia Berat | C3: 25 | D3: 23 | E3: 319.4 | F3: =IFERROR(INDEX(Sheet1!B$2:B$35,MATCH(TRIM($B3),Sheet1!$F$2:$F$35,0)),"") -> 33.83 | G3: =IFERROR(INDEX(Sheet1!C$2:C$35,MATCH(TRIM($B3),Sheet1!$F$2:$F$35,0)),"") -> 29.82 | H3: =IFERROR(INDEX(Sheet1!D$2:D$35,MATCH(TRIM($B3),Sheet1!$F$2:$F$35,0)),"") -> 13.22 | I3: =IFERROR(INDEX(Sheet1!E$2:E$35,MATCH(TRIM($B3),Sheet1!$F$2:$F$35,0)),"") -> 6.74
A4: Berat | B4: Bashkia Kuçovë | C4: 11 | D4: 11 | E4: 162.7 | F4: =IFERROR(INDEX(Sheet1!B$2:B$35,MATCH(TRIM($B4),Sheet1!$F$2:$F$35,0)),"") -> 30.63 | G4: =IFERROR(INDEX(Sheet1!C$2:C$35,MATCH(TRIM($B4),Sheet1!$F$2:$F$35,0)),"") -> 46.28 | H4: =IFERROR(INDEX(Sheet1!D$2:D$35,MATCH(TRIM($B4),Sheet1!$F$2:$F$35,0)),"") -> 35.89 | I4: =IFERROR(INDEX(Sheet1!E$2:E$35,MATCH(TRIM($B4),Sheet1!$F$2:$F$35,0)),"") -> 2.74
A5: Berat | B5: Bashkia Poliçan | C5: 16 | D5: 16 | E5: 53.2 | F5: =IFERROR(INDEX(Sheet1!B$2:B$35,MATCH(TRIM($B5),Sheet1!$F$2:$F$35,0)),"") | G5: =IFERROR(INDEX(Sheet1!C$2:C$35,MATCH(TRIM($B5),Sheet1!$F$2:$F$35,0)),"") | H5: =IFERROR(INDEX(Sheet1!D$2:D$35,MATCH(TRIM($B5),Sheet1!$F$2:$F$35,0)),"") | I5: =IFERROR(INDEX(Sheet1!E$2:E$35,MATCH(TRIM($B5),Sheet1!$F$2:$F$35,0)),"")
A6: Berat | B6: Bashkia Skrapar | C6: 48 | D6: 48 | E6: 132.8 | F6: =IFERROR(INDEX(Sheet1!B$2:B$35,MATCH(TRIM($B6),Sheet1!$F$2:$F$35,0)),"") | G6: =IFERROR(INDEX(Sheet1!C$2:C$35,MATCH(TRIM($B6),Sheet1!$F$2:$F$35,0)),"") | H6: =IFERROR(INDEX(Sheet1!D$2:D$35,MATCH(TRIM($B6),Sheet1!$F$2:$F$35,0)),"") | I6: =IFERROR(INDEX(Sheet1!E$2:E$35,MATCH(TRIM($B6),Sheet1!$F$2:$F$35,0)),"")
A7: Berat | B7: Bashkia Dimal | C7: 13 | D7: 13 | E7: 148.6 | F7: =IFERROR(INDEX(Sheet1!B$2:B$35,MATCH(TRIM($B7),Sheet1!$F$2:$F$35,0)),"") | G7: =IFERROR(INDEX(Sheet1!C$2:C$35,MATCH(TRIM($B7),Sheet1!$F$2:$F$35,0)),"") | H7: =IFERROR(INDEX(Sheet1!D$2:D$35,MATCH(TRIM($B7),Sheet1!$F$2:$F$35,0)),"") | I7: =IFERROR(INDEX(Sheet1!E$2:E$35,MATCH(TRIM($B7),Sheet1!$F$2:$F$35,0)),"")
A8: Dibër | B8: Bashkia Bulqizë | C8: 43 | D8: 42 | E8: 212.8 | F8: =IFERROR(INDEX(Sheet1!B$2:B$35,MATCH(TRIM($B8),Sheet1!$F$2:$F$35,0)),"") | G8: =IFERROR(INDEX(Sheet1!C$2:C$35,MATCH(TRIM($B8),Sheet1!$F$2:$F$35,0)),"") | H8: =IFERROR(INDEX(Sheet1!D$2:D$35,MATCH(TRIM($B8),Sheet1!$F$2:$F$35,0)),"") | I8: =IFERROR(INDEX(Sheet1!E$2:E$35,MATCH(TRIM($B8),Sheet1!$F$2:$F$35,0)),"")
A9: Dibër | B9: Bashkia Dibër | C9: 136 | D9: 136 | E9: 477.2 | F9: =IFERROR(INDEX(Sheet1!B$2:B$35,MATCH(TRIM($B9),Sheet1!$F$2:$F$35,0)),"") | G9: =IFERROR(INDEX(Sheet1!C$2:C$35,MATCH(TRIM($B9),Sheet1!$F$2:$F$35,0)),"") | H9: =IFERROR(INDEX(Sheet1!D$2:D$35,MATCH(TRIM($B9),Sheet1!$F$2:$F$35,0)),"") | I9: =IFERROR(INDEX(Sheet1!E$2:E$35,MATCH(TRIM($B9),Sheet1!$F$2:$F$35,0)),"")
A10: Dibër | B10: Bashkia Klos | C10: 31 | D10: 31 | E10: 90.2 | F10: =IFERROR(INDEX(Sheet1!B$2:B$35,MATCH(TRIM($B10),Sheet1!$F$2:$F$35,0)),"") | G10: =IFERROR(INDEX(Sheet1!C$2:C$35,MATCH(TRIM($B10),Sheet1!$F$2:$F$35,0)),"") | H10: =IFERROR(INDEX(Sheet1!D$2:D$35,MATCH(TRIM($B10),Sheet1!$F$2:$F$35,0)),"") | I10: =IFERROR(INDEX(Sheet1!E$2:E$35,MATCH(TRIM($B10),Sheet1!$F$2:$F$35,0)),"")
A11: Dibër | B11: Bashkia Mat | C11: 56 | D11: 55 | E11: 192 | F11: =IFERROR(INDEX(Sheet1!B$2:B$35,MATCH(TRIM($B11),Sheet1!$F$2:$F$35,0)),"") -> 44.24 | G11: =IFERROR(INDEX(Sheet1!C$2:C$35,MATCH(TRIM($B11),Sheet1!$F$2:$F$35,0)),"") -> 64.96 | H11: =IFERROR(INDEX(Sheet1!D$2:D$35,MATCH(TRIM($B11),Sheet1!$F$2:$F$35,0)),"") -> 17.48 | I11: =IFERROR(INDEX(Sheet1!E$2:E$35,MATCH(TRIM($B11),Sheet1!$F$2:$F$35,0)),"") -> 0
A12: Durrës | B12: Bashkia Durrës | C12: 20 | D12: 19 | E12: 198 | F12: =IFERROR(INDEX(Sheet1!B$2:B$35,MATCH(TRIM($B12),Sheet1!$F$2:$F$35,0)),"") -> 71.87 | G12: =IFERROR(INDEX(Sheet1!C$2:C$35,MATCH(TRIM($B12),Sheet1!$F$2:$F$35,0)),"") -> 32.58 | H12: =IFERROR(INDEX(Sheet1!D$2:D$35,MATCH(TRIM($B12),Sheet1!$F$2:$F$35,0)),"") -> 37.93 | I12: =IFERROR(INDEX(Sheet1!E$2:E$35,MATCH(TRIM($B12),Sheet1!$F$2:$F$35,0)),"") -> 7.19
A13: Durrës | B13: Bashkia Krujë | C13: 13 | D13: 13 | E13: 217.1 | F13: =IFERROR(INDEX(Sheet1!B$2:B$35,MATCH(TRIM($B13),Sheet1!$F$2:$F$35,0)),"") -> 4.48 | G13: =IFERROR(INDEX(Sheet1!C$2:C$35,MATCH(TRIM($B13),Sheet1!$F$2:$F$35,0)),"") -> 34.64 | H13: =IFERROR(INDEX(Sheet1!D$2:D$35,MATCH(TRIM($B13),Sheet1!$F$2:$F$35,0)),"") -> 25.09 | I13: =IFERROR(INDEX(Sheet1!E$2:E$35,MATCH(TRIM($B13),Sheet1!$F$2:$F$35,0)),"") -> 0
A14: Durrës | B14: Bashkia Shijak | C14: 10 | D14: 10 | E14: 32 | F14: =IFERROR(INDEX(Sheet1!B$2:B$35,MATCH(TRIM($B14),Sheet1!$F$2:$F$35,0)),"") -> 44.31 | G14: =IFERROR(INDEX(Sheet1!C$2:C$35,MATCH(TRIM($B14),Sheet1!$F$2:$F$35,0)),"") -> 32.06 | H14: =IFERROR(INDEX(Sheet1!D$2:D$35,MATCH(TRIM($B14),Sheet1!$F$2:$F$35,0)),"") -> 16.21 | I14: =IFERROR(INDEX(Sheet1!E$2:E$35,MATCH(TRIM($B14),Sheet1!$F$2:$F$35,0)),"") -> 16.5
... A63: Vlorë | B63: Bashkia Vlorë | C63: 16 | D63: 15 | E63: 628.4 | F63: =IFERROR(INDEX(Sheet1!B$2:B$35,MATCH(TRIM($B63),Sheet1!$F$2:$F$35,0)),"") -> 114.71 | G63: =IFERROR(INDEX(Sheet1!C$2:C$35,MATCH(TRIM($B63),Sheet1!$F$2:$F$35,0)),"") -> 66.66 | H63: =IFERROR(INDEX(Sheet1!D$2:D$35,MATCH(TRIM($B63),Sheet1!$F$2:$F$35,0)),"") -> 137.94 | I63: =IFERROR(INDEX(Sheet1!E$2:E$35,MATCH(TRIM($B63),Sheet1!$F$2:$F$35,0)),"") -> 208.26
B64: Total | C64: =SUM(C3:C63) -> 1582 | D64: =SUM(D3:D63) -> 1560 | E64: =SUM(E3:E63) -> 11671.017 | F64: =SUM(F3:F63) -> 2864.11 | G64: =SUM(G3:G63) -> 2126.72 | H64: =SUM(H3:H63) -> 1733.36 | I64: =SUM(I3:I63) -> 1848.88

Sheet Sheet1
A1: Municipality | B1: Funksional | C1: Pjeserisht Funksional | D1: Jo funksional | E1: Pa info | F1: Bashkia (link key)
A2: Berat | B2: 33.83 | C2: 29.82 | D2: 13.22 | E2: 6.74 | F2: Bashkia Berat
A3: Delvine | B3: 7.57 | C3: 33.13 | D3: 60.1 | E3: 15.81 | F3: Bashkia Delvin
A4: Devoll | B4: 104.27 | C4: 4.95 | D4: 60.43 | E4: 0.93 | F4: Bashkia Devoll
A5: Divjake | B5: 200.74 | C5: 548.93 | D5: 1.41 | E5: 239.43 | F5: Bashkia Divjakë
A6: Dropull | B6: 80.64 | C6: 63.72 | D6: 51.12 | E6: 13.88 | F6: Bashkia Dropull
A7: Durres | B7: 71.87 | C7: 32.58 | D7: 37.93 | E7: 7.19 | F7: Bashkia Durrës
A8: Elbasan | B8: 123.67 | C8: 68.64 | D8: 3.3 | E8: 36.83 | F8: Bashkia Elbasan
A9: Fier | B9: 202.61 | C9: 324.09 | D9: 168.62 | E9: 85.88 | F9: Bashkia Fier
A10: Gjirokaster | B10: 30.95 | C10: 34.07 | D10: 0 | E10: 9.46 | F10: Bashkia Gjirokastër
A11: Has | B11: 31.73 | C11: 97.07 | D11: 49.36 | E11: 0 | F11: Bashkia Has
A12: Kavaje | B12: 28.85 | C12: 52.05 | D12: 13.48 | E12: 162.3 | F12: Bashkia Kavajë
A13: Konispol | B13: 0 | C13: 0 | D13: 0 | E13: 112.48 | F13: Bashkia Konispol
... A35: Vore | B35: 3.26 | C35: 3.79 | D35: 0.45 | E35: 0 | F35: Bashkia Vorë
